INSERT INTO public."user" (id, joined) VALUES (1, '2019-04-26');
INSERT INTO public.project (id, user_id, public, created) VALUES (1, 1, false, '2019-04-26 12:17:53.457000');
INSERT INTO public.project (id, user_id, public, created) VALUES (7, 1, true, '2019-04-29 15:21:39.366000');
INSERT INTO public.project (id, user_id, public, created) VALUES (1129, 1, true, '2019-05-22 17:35:07.978000');
INSERT INTO public.project (id, user_id, public, created) VALUES (18, 1, false, '2019-05-02 20:47:21.901000');
INSERT INTO public.project_info (id, project_id, name, description, about) VALUES (1, 1, 'project1', 'lalala', 'lololo');
INSERT INTO public.project_info (id, project_id, name, description, about) VALUES (7, 7, 'project7', 'some description right here', 'about this project sooo');
INSERT INTO public.project_info (id, project_id, name, description, about) VALUES (1126, 1129, 'project-tracker', 'Cool course project', 'Project management and issue tracking software is really important and may dramatically increase company productivity');
INSERT INTO public.project_info (id, project_id, name, description, about) VALUES (18, 18, 'cool-project', 'Yea that''s it lol kek', 'This is very cool project.');
INSERT INTO public.task (id, project_id, parent_id, creator_id, type, estimate, opened, due) VALUES (1, 7, null, 1, '2', 0, '2019-04-29 18:40:08.826000', '2019-04-09');
INSERT INTO public.task (id, project_id, parent_id, creator_id, type, estimate, opened, due) VALUES (2, 7, null, 1, '2', 0, '2019-04-29 18:40:36.208000', '2019-04-09');
INSERT INTO public.task (id, project_id, parent_id, creator_id, type, estimate, opened, due) VALUES (3, 7, null, 1, '2', 0, '2019-04-29 18:40:46.333000', '2019-04-09');
INSERT INTO public.task (id, project_id, parent_id, creator_id, type, estimate, opened, due) VALUES (4, 7, null, 1, '2', 0, '2019-04-29 18:42:18.540000', '2019-04-09');
INSERT INTO public.task (id, project_id, parent_id, creator_id, type, estimate, opened, due) VALUES (5, 7, null, 1, '0', 12, '2019-05-01 15:14:22.048000', '2019-05-04');
INSERT INTO public.task (id, project_id, parent_id, creator_id, type, estimate, opened, due) VALUES (6, 7, null, 1, '0', 12.4, '2019-05-01 15:18:07.692000', '2019-05-17');
INSERT INTO public.task (id, project_id, parent_id, creator_id, type, estimate, opened, due) VALUES (7, 7, null, 1, '3', 5, '2019-05-02 12:58:45.253000', '2019-05-10');
INSERT INTO public.task (id, project_id, parent_id, creator_id, type, estimate, opened, due) VALUES (8, 18, null, 1, '0', null, '2019-05-02 20:48:40.113000', null);
INSERT INTO public.task (id, project_id, parent_id, creator_id, type, estimate, opened, due) VALUES (9, 18, null, 1, '1', 12, '2019-05-02 20:50:48.606000', null);
INSERT INTO public.task (id, project_id, parent_id, creator_id, type, estimate, opened, due) VALUES (10, 18, null, 1, '2', 4, '2019-05-02 20:51:07.447000', '2019-05-11');
INSERT INTO public.task (id, project_id, parent_id, creator_id, type, estimate, opened, due) VALUES (11, 18, null, 1, '3', 1, '2019-05-02 20:51:34.248000', '2019-05-03');
INSERT INTO public.task (id, project_id, parent_id, creator_id, type, estimate, opened, due) VALUES (12, 18, 11, 1, '1', 1, '2019-05-05 15:07:03.200000', '2019-05-17');
INSERT INTO public.task (id, project_id, parent_id, creator_id, type, estimate, opened, due) VALUES (16, 18, 11, 1, '3', 4, '2019-05-05 16:43:12.238000', '2019-05-19');
INSERT INTO public.task (id, project_id, parent_id, creator_id, type, estimate, opened, due) VALUES (17, 18, null, 1, '2', null, '2019-05-05 18:33:03.357000', null);
INSERT INTO public.task (id, project_id, parent_id, creator_id, type, estimate, opened, due) VALUES (175, 18, null, 1, '0', 15, '2019-05-22 17:15:39.669000', null);
INSERT INTO public.task (id, project_id, parent_id, creator_id, type, estimate, opened, due) VALUES (176, 18, null, 1, '2', null, '2019-05-22 17:26:00.214000', '2019-05-21');
INSERT INTO public.task (id, project_id, parent_id, creator_id, type, estimate, opened, due) VALUES (177, 1129, null, 1, '0', null, '2019-05-22 17:45:24.661000', null);
INSERT INTO public.task (id, project_id, parent_id, creator_id, type, estimate, opened, due) VALUES (178, 1129, null, 1, '0', null, '2019-05-22 17:45:33.473000', null);
INSERT INTO public.task (id, project_id, parent_id, creator_id, type, estimate, opened, due) VALUES (179, 1129, 178, 1, '0', null, '2019-05-22 17:48:54.376000', null);
INSERT INTO public.task (id, project_id, parent_id, creator_id, type, estimate, opened, due) VALUES (180, 1129, 179, 1, '0', 5, '2019-05-22 17:52:39.229000', null);
INSERT INTO public.task (id, project_id, parent_id, creator_id, type, estimate, opened, due) VALUES (181, 1129, 179, 1, '0', 5, '2019-05-22 17:53:26.298000', null);
INSERT INTO public.task (id, project_id, parent_id, creator_id, type, estimate, opened, due) VALUES (187, 1129, null, 1, '0', 10, '2019-05-26 00:01:13.544000', '2019-05-30');
INSERT INTO public.task (id, project_id, parent_id, creator_id, type, estimate, opened, due) VALUES (81, 18, null, 1, '3', 10, '2019-05-13 10:44:20.639000', '2019-05-24');
INSERT INTO public.task (id, project_id, parent_id, creator_id, type, estimate, opened, due) VALUES (82, 18, 81, 1, '1', 10, '2019-05-13 10:44:41.204000', null);
INSERT INTO public.task (id, project_id, parent_id, creator_id, type, estimate, opened, due) VALUES (83, 18, 81, 1, '2', 5, '2019-05-14 12:59:16.572000', null);
INSERT INTO public.task (id, project_id, parent_id, creator_id, type, estimate, opened, due) VALUES (89, 18, 17, 1, '3', 12, '2019-05-16 13:48:02.965000', '2019-05-24');
INSERT INTO public.task_info (id, task_id, name, description) VALUES (1, 1, 'string', 'string');
INSERT INTO public.task_info (id, task_id, name, description) VALUES (2, 2, 'string', 'string');
INSERT INTO public.task_info (id, task_id, name, description) VALUES (3, 3, 'string', 'string');
INSERT INTO public.task_info (id, task_id, name, description) VALUES (4, 4, 'string', 'string');
INSERT INTO public.task_info (id, task_id, name, description) VALUES (5, 5, 'New kinda feature', 'Some desc');
INSERT INTO public.task_info (id, task_id, name, description) VALUES (6, 6, 'Task idk', null);
INSERT INTO public.task_info (id, task_id, name, description) VALUES (7, 7, 'Please', 'Nah');
INSERT INTO public.task_info (id, task_id, name, description) VALUES (8, 8, 'Cool feature', null);
INSERT INTO public.task_info (id, task_id, name, description) VALUES (10, 10, 'Horrible bug', 'Yea that''s bad');
INSERT INTO public.task_info (id, task_id, name, description) VALUES (12, 12, 'SubIssue', null);
INSERT INTO public.task_info (id, task_id, name, description) VALUES (11, 11, 'Fancy request', 'Do it fast!!');
INSERT INTO public.task_info (id, task_id, name, description) VALUES (16, 16, 'Subrequest', 'Not so busy, carry on');
INSERT INTO public.task_info (id, task_id, name, description) VALUES (9, 9, 'Not cool issue lol', null);
INSERT INTO public.task_info (id, task_id, name, description) VALUES (78, 81, 'Do some fancy stuff', null);
INSERT INTO public.task_info (id, task_id, name, description) VALUES (79, 82, 'Aaaaaa', null);
INSERT INTO public.task_info (id, task_id, name, description) VALUES (80, 83, 'Bug here', 'Fix it pls');
INSERT INTO public.task_info (id, task_id, name, description) VALUES (17, 17, 'Not detailed bug123', null);
INSERT INTO public.task_info (id, task_id, name, description) VALUES (86, 89, 'lala', null);
INSERT INTO public.task_info (id, task_id, name, description) VALUES (165, 175, 'Cool one', 'Some description');
INSERT INTO public.task_info (id, task_id, name, description) VALUES (166, 176, 'Horrible!', null);
INSERT INTO public.task_info (id, task_id, name, description) VALUES (167, 177, 'frontend', null);
INSERT INTO public.task_info (id, task_id, name, description) VALUES (168, 178, 'backend', null);
INSERT INTO public.task_info (id, task_id, name, description) VALUES (169, 179, 'Auth module', null);
INSERT INTO public.task_info (id, task_id, name, description) VALUES (170, 180, 'Authentication', null);
INSERT INTO public.task_info (id, task_id, name, description) VALUES (171, 181, 'Registration', null);
INSERT INTO public.task_info (id, task_id, name, description) VALUES (177, 187, 'note', null);
INSERT INTO public.activity (id, task_id, creator_id, assignee_id, status, elapsed, timestamp, description) VALUES (1, 17, 1, null, '1', 5, '2019-05-05 22:09:07.126000', 'Some kinda activity');
INSERT INTO public.activity (id, task_id, creator_id, assignee_id, status, elapsed, timestamp, description) VALUES (2, 17, 1, 1, '2', null, '2019-05-05 22:11:39.102000', 'Wait for a minute');
INSERT INTO public.activity (id, task_id, creator_id, assignee_id, status, elapsed, timestamp, description) VALUES (3, 17, 1, null, '4', 10, '2019-05-05 22:12:02.494000', 'Yea we made it!');
INSERT INTO public.activity (id, task_id, creator_id, assignee_id, status, elapsed, timestamp, description) VALUES (4, 11, 1, null, '0', null, '2019-05-06 16:53:28.249000', null);
INSERT INTO public.activity (id, task_id, creator_id, assignee_id, status, elapsed, timestamp, description) VALUES (7, 8, 1, null, '0', null, '2019-05-06 17:08:45.366000', null);
INSERT INTO public.activity (id, task_id, creator_id, assignee_id, status, elapsed, timestamp, description) VALUES (8, 9, 1, null, '0', null, '2019-05-06 17:09:04.729000', null);
INSERT INTO public.activity (id, task_id, creator_id, assignee_id, status, elapsed, timestamp, description) VALUES (9, 9, 1, null, '3', null, '2019-05-06 17:09:15.329000', 'Nah this is useless');
INSERT INTO public.activity (id, task_id, creator_id, assignee_id, status, elapsed, timestamp, description) VALUES (10, 16, 1, null, '0', null, '2019-05-06 17:09:31.319000', null);
INSERT INTO public.activity (id, task_id, creator_id, assignee_id, status, elapsed, timestamp, description) VALUES (11, 12, 1, null, '0', null, '2019-05-06 17:09:41.240000', null);
INSERT INTO public.activity (id, task_id, creator_id, assignee_id, status, elapsed, timestamp, description) VALUES (12, 9, 1, null, '1', 100, '2019-05-07 14:04:10.108000', null);
INSERT INTO public.activity (id, task_id, creator_id, assignee_id, status, elapsed, timestamp, description) VALUES (13, 17, 1, null, '0', 10, '2019-05-07 14:15:28.506000', null);
INSERT INTO public.activity (id, task_id, creator_id, assignee_id, status, elapsed, timestamp, description) VALUES (15, 82, 1, null, '2', 10, '2019-05-13 10:45:34.296000', 'Hol'' up');
INSERT INTO public.activity (id, task_id, creator_id, assignee_id, status, elapsed, timestamp, description) VALUES (16, 89, 1, null, '0', null, '2019-05-16 13:48:19.749000', null);
INSERT INTO public.activity (id, task_id, creator_id, assignee_id, status, elapsed, timestamp, description) VALUES (17, 89, 1, null, '0', 100, '2019-05-16 13:51:25.061000', 'Smth');
INSERT INTO public.activity (id, task_id, creator_id, assignee_id, status, elapsed, timestamp, description) VALUES (18, 17, 1, 1, '1', null, '2019-05-21 14:00:31.462000', null);
INSERT INTO public.activity (id, task_id, creator_id, assignee_id, status, elapsed, timestamp, description) VALUES (55, 175, 1, null, '0', null, '2019-05-22 17:15:39.706000', null);
INSERT INTO public.activity (id, task_id, creator_id, assignee_id, status, elapsed, timestamp, description) VALUES (56, 175, 1, null, '0', 5, '2019-05-22 17:16:08.566000', 'Making some progress');
INSERT INTO public.activity (id, task_id, creator_id, assignee_id, status, elapsed, timestamp, description) VALUES (57, 175, 1, null, '0', 10, '2019-05-22 17:16:19.932000', 'Some more progress!');
INSERT INTO public.activity (id, task_id, creator_id, assignee_id, status, elapsed, timestamp, description) VALUES (58, 176, 1, null, '0', null, '2019-05-22 17:26:00.248000', null);
INSERT INTO public.activity (id, task_id, creator_id, assignee_id, status, elapsed, timestamp, description) VALUES (59, 177, 1, null, '0', null, '2019-05-22 17:45:24.690000', null);
INSERT INTO public.activity (id, task_id, creator_id, assignee_id, status, elapsed, timestamp, description) VALUES (60, 178, 1, null, '0', null, '2019-05-22 17:45:33.480000', null);
INSERT INTO public.activity (id, task_id, creator_id, assignee_id, status, elapsed, timestamp, description) VALUES (61, 178, 1, 1, '0', null, '2019-05-22 17:47:42.497000', null);
INSERT INTO public.activity (id, task_id, creator_id, assignee_id, status, elapsed, timestamp, description) VALUES (62, 178, 1, 1, '1', null, '2019-05-22 17:47:57.433000', null);
INSERT INTO public.activity (id, task_id, creator_id, assignee_id, status, elapsed, timestamp, description) VALUES (63, 177, 1, 1, '1', null, '2019-05-22 17:48:10.375000', null);
INSERT INTO public.activity (id, task_id, creator_id, assignee_id, status, elapsed, timestamp, description) VALUES (64, 179, 1, null, '0', null, '2019-05-22 17:48:54.382000', null);
INSERT INTO public.activity (id, task_id, creator_id, assignee_id, status, elapsed, timestamp, description) VALUES (65, 180, 1, null, '0', null, '2019-05-22 17:52:39.233000', null);
INSERT INTO public.activity (id, task_id, creator_id, assignee_id, status, elapsed, timestamp, description) VALUES (66, 180, 1, null, '4', 4, '2019-05-22 17:52:48.133000', null);
INSERT INTO public.activity (id, task_id, creator_id, assignee_id, status, elapsed, timestamp, description) VALUES (67, 181, 1, null, '0', null, '2019-05-22 17:53:26.302000', null);
INSERT INTO public.activity (id, task_id, creator_id, assignee_id, status, elapsed, timestamp, description) VALUES (68, 181, 1, null, '4', 5, '2019-05-22 17:53:31.539000', null);
INSERT INTO public.activity (id, task_id, creator_id, assignee_id, status, elapsed, timestamp, description) VALUES (69, 179, 1, null, '4', null, '2019-05-22 18:06:52.129000', null);
INSERT INTO public.activity (id, task_id, creator_id, assignee_id, status, elapsed, timestamp, description) VALUES (70, 178, 1, null, '0', 2, '2019-05-22 18:13:50.524000', 'refactoring');
INSERT INTO public.activity (id, task_id, creator_id, assignee_id, status, elapsed, timestamp, description) VALUES (76, 187, 1, null, '0', null, '2019-05-26 00:01:13.574000', null);
INSERT INTO public.token (id, user_id, token) VALUES (1, 1, 'e0999f85-0406-45d3-8be5-1ae66f7de824');
INSERT INTO public.token (id, user_id, token) VALUES (2, 1, 'dd2c2ac6-b341-40d8-bad6-1ee4b6c63fda');
INSERT INTO public.token (id, user_id, token) VALUES (5, 1, '7ee2aab7-6bfd-4969-a5c8-022fa3b2da95');
INSERT INTO public.token (id, user_id, token) VALUES (11, 1, 'f43dae91-efbc-4c30-b707-40ebffdc8a9d');
INSERT INTO public.token (id, user_id, token) VALUES (49, 1, '7122220a-6b0b-4464-bd92-04e6609ae8ab');
INSERT INTO public.user_credentials (id, user_id, login, hash) VALUES (1, 1, 'ivanjermakov', 'FC63dbpdn5pzlK2uz35KU5QZSPCVcbOK8b+s3XnWaM4=$X696ry0LYHEJ691i4z7WmsRGE8kkb97LWQ9EXg1DSeQ=');
INSERT INTO public.user_info (id, user_id, name, bio, url, company, location) VALUES (1, 1, 'Ivan Jermakov', null, null, null, null);
INSERT INTO public.user_role (id, user_id, project_id, role) VALUES (1, 1, 1, '0');
INSERT INTO public.user_role (id, user_id, project_id, role) VALUES (7, 1, 7, '0');
INSERT INTO public.user_role (id, user_id, project_id, role) VALUES (18, 1, 18, '0');
INSERT INTO public.user_role (id, user_id, project_id, role) VALUES (1123, 1, 1129, '0');