INSERT INTO public."user" (id, joined) VALUES (1, '2019-04-26');
INSERT INTO public.project (id, user_id, public, created) VALUES (1, 1, false, '2019-04-26 12:17:53.457000');
INSERT INTO public.project (id, user_id, public, created) VALUES (7, 1, true, '2019-04-29 15:21:39.366000');
INSERT INTO public.project (id, user_id, public, created) VALUES (18, 1, true, '2019-05-02 20:47:21.901000');
INSERT INTO public.project_info (id, project_id, name, description, about) VALUES (1, 1, 'project1', 'lalala', 'lololo');
INSERT INTO public.project_info (id, project_id, name, description, about) VALUES (7, 7, 'project7', 'some description right here', 'about this project sooo');
INSERT INTO public.project_info (id, project_id, name, description, about) VALUES (18, 18, 'cool-project', 'Yea that''s it', 'This is very cool project.');
INSERT INTO public.task (id, project_id, creator_id, type, estimate, elapsed, opened, due, parent_id) VALUES (1, 7, 1, '2', 0, 0, '2019-04-29 18:40:08.826000', '2019-04-09', null);
INSERT INTO public.task (id, project_id, creator_id, type, estimate, elapsed, opened, due, parent_id) VALUES (2, 7, 1, '2', 0, 0, '2019-04-29 18:40:36.208000', '2019-04-09', null);
INSERT INTO public.task (id, project_id, creator_id, type, estimate, elapsed, opened, due, parent_id) VALUES (3, 7, 1, '2', 0, 0, '2019-04-29 18:40:46.333000', '2019-04-09', null);
INSERT INTO public.task (id, project_id, creator_id, type, estimate, elapsed, opened, due, parent_id) VALUES (4, 7, 1, '2', 0, 0, '2019-04-29 18:42:18.540000', '2019-04-09', null);
INSERT INTO public.task (id, project_id, creator_id, type, estimate, elapsed, opened, due, parent_id) VALUES (5, 7, 1, '0', 12, 0, '2019-05-01 15:14:22.048000', '2019-05-04', null);
INSERT INTO public.task (id, project_id, creator_id, type, estimate, elapsed, opened, due, parent_id) VALUES (6, 7, 1, '0', 12.4, 0, '2019-05-01 15:18:07.692000', '2019-05-17', null);
INSERT INTO public.task (id, project_id, creator_id, type, estimate, elapsed, opened, due, parent_id) VALUES (7, 7, 1, '3', 5, 0, '2019-05-02 12:58:45.253000', '2019-05-10', null);
INSERT INTO public.task (id, project_id, creator_id, type, estimate, elapsed, opened, due, parent_id) VALUES (8, 18, 1, '0', null, 0, '2019-05-02 20:48:40.113000', null, null);
INSERT INTO public.task (id, project_id, creator_id, type, estimate, elapsed, opened, due, parent_id) VALUES (9, 18, 1, '1', 12, 0, '2019-05-02 20:50:48.606000', null, null);
INSERT INTO public.task (id, project_id, creator_id, type, estimate, elapsed, opened, due, parent_id) VALUES (10, 18, 1, '2', 4, 0, '2019-05-02 20:51:07.447000', '2019-05-11', null);
INSERT INTO public.task (id, project_id, creator_id, type, estimate, elapsed, opened, due, parent_id) VALUES (11, 18, 1, '3', 1, 0, '2019-05-02 20:51:34.248000', '2019-05-03', null);
INSERT INTO public.task (id, project_id, creator_id, type, estimate, elapsed, opened, due, parent_id) VALUES (12, 18, 1, '1', 1, 0, '2019-05-05 15:07:03.200000', '2019-05-17', 11);
INSERT INTO public.task (id, project_id, creator_id, type, estimate, elapsed, opened, due, parent_id) VALUES (16, 18, 1, '3', 4, 0, '2019-05-05 16:43:12.238000', '2019-05-19', 11);
INSERT INTO public.task (id, project_id, creator_id, type, estimate, elapsed, opened, due, parent_id) VALUES (17, 18, 1, '2', null, 0, '2019-05-05 18:33:03.357000', null, null);
INSERT INTO public.task_info (id, task_id, name, description) VALUES (1, 1, 'string', 'string');
INSERT INTO public.task_info (id, task_id, name, description) VALUES (2, 2, 'string', 'string');
INSERT INTO public.task_info (id, task_id, name, description) VALUES (3, 3, 'string', 'string');
INSERT INTO public.task_info (id, task_id, name, description) VALUES (4, 4, 'string', 'string');
INSERT INTO public.task_info (id, task_id, name, description) VALUES (5, 5, 'New kinda feature', 'Some desc');
INSERT INTO public.task_info (id, task_id, name, description) VALUES (6, 6, 'Task idk', null);
INSERT INTO public.task_info (id, task_id, name, description) VALUES (7, 7, 'Please', 'Nah');
INSERT INTO public.task_info (id, task_id, name, description) VALUES (8, 8, 'Cool feature', null);
INSERT INTO public.task_info (id, task_id, name, description) VALUES (9, 9, 'Not cool issue', null);
INSERT INTO public.task_info (id, task_id, name, description) VALUES (10, 10, 'Horrible bug', 'Yea that''s bad');
INSERT INTO public.task_info (id, task_id, name, description) VALUES (12, 12, 'SubIssue', null);
INSERT INTO public.task_info (id, task_id, name, description) VALUES (11, 11, 'Fancy request', 'Do it fast!!');
INSERT INTO public.task_info (id, task_id, name, description) VALUES (16, 16, 'Subrequest', 'Not so busy, carry on');
INSERT INTO public.task_info (id, task_id, name, description) VALUES (17, 17, 'Not detailed bug', null);
INSERT INTO public.token (id, user_id, token) VALUES (1, 1, 'e0999f85-0406-45d3-8be5-1ae66f7de824');
INSERT INTO public.token (id, user_id, token) VALUES (2, 1, 'dd2c2ac6-b341-40d8-bad6-1ee4b6c63fda');
INSERT INTO public.token (id, user_id, token) VALUES (5, 1, '7ee2aab7-6bfd-4969-a5c8-022fa3b2da95');
INSERT INTO public.token (id, user_id, token) VALUES (11, 1, 'f43dae91-efbc-4c30-b707-40ebffdc8a9d');
INSERT INTO public.user_credentials (id, user_id, login, hash) VALUES (1, 1, 'ivanjermakov', 'FC63dbpdn5pzlK2uz35KU5QZSPCVcbOK8b+s3XnWaM4=$X696ry0LYHEJ691i4z7WmsRGE8kkb97LWQ9EXg1DSeQ=');
INSERT INTO public.user_info (id, user_id, name, bio, url, company, location) VALUES (1, 1, 'Ivan Jermakov', null, null, null, null);
INSERT INTO public.user_role (id, user_id, project_id, role) VALUES (1, 1, 1, '0');
INSERT INTO public.user_role (id, user_id, project_id, role) VALUES (7, 1, 7, '0');
INSERT INTO public.user_role (id, user_id, project_id, role) VALUES (18, 1, 18, '0');