INSERT INTO public.project (id, user_id, public, created) VALUES (1, 3, false, '2019-04-09 13:56:43.855000');
INSERT INTO public.project (id, user_id, public, created) VALUES (2, 3, true, '2019-04-09 13:56:56.962000');
INSERT INTO public.project (id, user_id, public, created) VALUES (3, 3, true, '2019-04-09 13:56:59.965000');
INSERT INTO public.project (id, user_id, public, created) VALUES (4, 3, false, '2019-04-09 13:57:04.358000');
INSERT INTO public.project_info (id, project_id, name, description, about) VALUES (1, 1, 'project4', 'some description right here', 'about this project sooo');
INSERT INTO public.project_info (id, project_id, name, description, about) VALUES (2, 2, 'project1', 'some description right here', 'about this project sooo');
INSERT INTO public.project_info (id, project_id, name, description, about) VALUES (3, 3, 'project2', 'some description right here', 'about this project sooo');
INSERT INTO public.project_info (id, project_id, name, description, about) VALUES (4, 4, 'project3', 'some description right here', 'about this project sooo');
INSERT INTO public.task (id, project_id, type, estimate, elapsed, opened, due) VALUES (1, 1, '2', 0, 0, '2019-04-09 13:57:27.890000', '2019-04-09 09:54:56.000000');
INSERT INTO public.task (id, project_id, type, estimate, elapsed, opened, due) VALUES (2, 2, '2', 0, 0, '2019-04-09 13:57:29.514000', '2019-04-09 09:54:56.000000');
INSERT INTO public.task_info (id, task_id, name, description) VALUES (1, 1, 'string', 'string');
INSERT INTO public.task_info (id, task_id, name, description) VALUES (2, 2, 'string', 'string');
INSERT INTO public.token (id, user_id, token) VALUES (2, 3, '7a8e357e-ecbe-4f6a-b1f1-fb07d4010832');
INSERT INTO public."user" (id, joined) VALUES (3, '2019-04-09');
INSERT INTO public.user_credentials (id, user_id, login, hash) VALUES (3, 3, 'ivanjermakov', 'UWDCkSQQ3HFCfjbw/eeaflw05menw6MvZTqwtNHiF6g=$fYRCnaLPxAFFTe/jTSKbg5I5Ivt10zyp6NGM1OEJb1A=');
INSERT INTO public.user_info (id, user_id, name, bio, url, company, location) VALUES (3, 3, null, null, null, null, null);
INSERT INTO public.user_role (id, user_id, project_id, role) VALUES (1, 3, 1, '0');
INSERT INTO public.user_role (id, user_id, project_id, role) VALUES (2, 3, 2, '0');
INSERT INTO public.user_role (id, user_id, project_id, role) VALUES (3, 3, 3, '0');
INSERT INTO public.user_role (id, user_id, project_id, role) VALUES (4, 3, 4, '0');